<PluginUserData>
  <Plugin_EditorBase>
    <CamView_0 toggleParallaxity="True" parallaxRefDist="500" bgColorArgb="-13427170" toggleAccMove="True" />
  </Plugin_EditorBase>
</PluginUserData>
<!-- DockPanel Data -->
<?xml version="1.0" encoding="utf-8"?>
<!--DockPanel configuration file. Author: Weifen Luo, all rights reserved.-->
<!--!!! AUTOMATICALLY GENERATED FILE. DO NOT MODIFY !!!-->
<DockPanel FormatVersion="1.0" DockLeftPortion="0.201272516375546" DockRightPortion="0.24765625" DockTopPortion="0.25" DockBottomPortion="0.25" ActiveDocumentPane="1" ActivePane="1">
  <Contents Count="5">
    <Content ID="0" PersistString="EditorBase.ProjectFolderView" AutoHidePortion="0.25" IsHidden="False" IsFloat="False" />
    <Content ID="1" PersistString="EditorBase.SceneView" AutoHidePortion="0.25" IsHidden="False" IsFloat="False" />
    <Content ID="2" PersistString="EditorBase.ObjectInspector" AutoHidePortion="0.25" IsHidden="False" IsFloat="False" />
    <Content ID="3" PersistString="EditorBase.ResourceInspector" AutoHidePortion="0.25" IsHidden="False" IsFloat="False" />
    <Content ID="4" PersistString="EditorBase.CamView" AutoHidePortion="0.25" IsHidden="False" IsFloat="False" />
  </Contents>
  <Panes Count="5">
    <Pane ID="0" DockState="DockLeft" ActiveContent="0">
      <Contents Count="1">
        <Content ID="0" RefID="0" />
      </Contents>
    </Pane>
    <Pane ID="1" DockState="Document" ActiveContent="4">
      <Contents Count="1">
        <Content ID="0" RefID="4" />
      </Contents>
    </Pane>
    <Pane ID="2" DockState="DockLeft" ActiveContent="1">
      <Contents Count="1">
        <Content ID="0" RefID="1" />
      </Contents>
    </Pane>
    <Pane ID="3" DockState="DockRight" ActiveContent="3">
      <Contents Count="1">
        <Content ID="0" RefID="3" />
      </Contents>
    </Pane>
    <Pane ID="4" DockState="DockRight" ActiveContent="2">
      <Contents Count="1">
        <Content ID="0" RefID="2" />
      </Contents>
    </Pane>
  </Panes>
  <DockWindows>
    <DockWindow ID="0" DockState="Document" ZOrderIndex="0">
      <NestedPanes Count="1">
        <Pane ID="0" RefID="1" PrevPane="-1" Alignment="Right" Proportion="0.5" />
      </NestedPanes>
    </DockWindow>
    <DockWindow ID="1" DockState="DockLeft" ZOrderIndex="1">
      <NestedPanes Count="2">
        <Pane ID="0" RefID="0" PrevPane="-1" Alignment="Bottom" Proportion="0.5" />
        <Pane ID="1" RefID="2" PrevPane="0" Alignment="Bottom" Proportion="0.5" />
      </NestedPanes>
    </DockWindow>
    <DockWindow ID="2" DockState="DockRight" ZOrderIndex="2">
      <NestedPanes Count="2">
        <Pane ID="0" RefID="3" PrevPane="-1" Alignment="Bottom" Proportion="0.5" />
        <Pane ID="1" RefID="4" PrevPane="3" Alignment="Bottom" Proportion="0.774917853231106" />
      </NestedPanes>
    </DockWindow>
    <DockWindow ID="3" DockState="DockTop" ZOrderIndex="3">
      <NestedPanes Count="0" />
    </DockWindow>
    <DockWindow ID="4" DockState="DockBottom" ZOrderIndex="4">
      <NestedPanes Count="0" />
    </DockWindow>
  </DockWindows>
  <FloatWindows Count="0" />
</DockPanel>